<?xml version="1.0" encoding="UTF-8"?>
<extentreports>
  <configuration>
    <!-- Report Theme -->
    <theme>dark</theme>

    <!-- Document Title -->
    <documentTitle>Sample Test Report</documentTitle>

    <!-- Report Name -->
    <reportName>Test Automation Report</reportName>

    <!-- Chart Location -->
    <testViewChartLocation>top</testViewChartLocation>

    <!-- Extent Report CSS -->
    <css>#topbar { background-color: #333; } .step-details { background-color: #444; }</css>

    <!-- Extent Report JavaScript -->
    <js><![CDATA[var x = 1 + 1;]]></js>

    <!-- Add custom logos -->
     <encoding>base64</encoding> 
    <logo>data:image/png;base64,iVBORw0KGgoAAAANSUhEUgAAABAAAAAQCAIAAACQkWg2AAAACXBIWXMAAAsTAAALEwEAmpwYAAAAB3RJTUUH5AIJFxs3x8ytfQAAAD9JREFUOE9j/M/A8E4ZgKgAKYAFQF0JijGfgAAAABJRU5ErkJggg==</logo>



    <!-- Add system info -->
    <systemInfo>
      <parameter>
        <name>OS</name>
        <value>Windows 10</value>
      </parameter>
      <parameter>
        <name>Browser</name>
        <value>Chrome</value>
      </parameter>
      <parameter>
        <name>Tester</name>
        <value>John Doe</value>
      </parameter>
    </systemInfo>
  </configuration>
</extentreports>
