<?xml version="1.0" encoding="UTF-8"?>
<!DOCTYPE suite SYSTEM "http://testng.org/testng-1.0.dtd" >

<suite name="InetBankingV2_BugFixing">
	<listeners>
		<listener class-name="com.inetBankingV2_BugFixing.utilities.Listeners" />
	</listeners>


	<test name="BankingApp Test">
		<!-- <parameter name="browser" value="chrome" /> -->
		<parameter name="browser" value="chrome" />
		<classes>
			 <class name="com.inetBankingV2_BugFixing.testCases.TC_LoginTest_001" /> 
			 <class name="com.inetBankingV2_BugFixing.testCases.TC_LoginDDT_002" />	
		</classes>
	</test>
</suite>